Common Name,Image URL
American Robin,https://www.allaboutbirds.org/guide/assets/og/525877951-1200px.jpg
House Sparrow,https://www.allaboutbirds.org/guide/assets/og/615440228-1200px.jpg
Northern Cardinal,https://www.allaboutbirds.org/guide/assets/og/75224371-1200px.jpg
Canada Goose,https://www.allaboutbirds.org/guide/assets/og/75298411-1200px.jpg
Mallard,https://www.allaboutbirds.org/guide/assets/og/75711041-1200px.jpg
Red-winged Blackbird,https://www.allaboutbirds.org/guide/assets/og/619048659-1200px.jpg
Ring-billed Gull,https://www.allaboutbirds.org/guide/assets/og/75368361-1200px.jpg
European Starling,https://www.allaboutbirds.org/guide/assets/og/634308056-1200px.jpg
American Goldfinch,https://www.allaboutbirds.org/guide/assets/og/526210021-1200px.jpg
Downy Woodpecker,https://www.allaboutbirds.org/guide/assets/og/619542098-1200px.jpg
Black-capped Chickadee,https://www.allaboutbirds.org/guide/assets/og/528129121-1200px.jpg
Mourning Dove,https://www.allaboutbirds.org/guide/assets/og/528129461-1200px.jpg
Common Grackle,https://www.allaboutbirds.org/guide/assets/og/619130142-1200px.jpg
Song Sparrow,https://www.allaboutbirds.org/guide/assets/og/75363881-1200px.jpg
House Finch,https://www.allaboutbirds.org/guide/assets/og/526209281-1200px.jpg
Blue Jay,https://www.allaboutbirds.org/guide/assets/og/525880701-1200px.jpg
American Crow,https://www.allaboutbirds.org/guide/assets/og/619048721-1200px.jpg
Rock Pigeon,https://www.allaboutbirds.org/guide/assets/og/75368111-1200px.jpg
Dark-eyed Junco,https://www.allaboutbirds.org/guide/assets/og/75340411-1200px.jpg
Red-bellied Woodpecker,https://www.allaboutbirds.org/guide/assets/og/75714641-1200px.jpg
Northern Flicker,https://www.allaboutbirds.org/guide/assets/og/615440015-1200px.jpg
Chimney Swift,https://www.allaboutbirds.org/guide/assets/og/75334281-1200px.jpg
American Herring Gull,https://www.allaboutbirds.org/guide/assets/og/623640158-1200px.jpg
Double-crested Cormorant,https://www.allaboutbirds.org/guide/assets/og/75340501-1200px.jpg
Great Blue Heron,https://www.allaboutbirds.org/guide/assets/og/630326582-1200px.jpg
Brown-headed Cowbird,https://www.allaboutbirds.org/guide/assets/og/75265901-1200px.jpg
Barn Swallow,https://www.allaboutbirds.org/guide/assets/og/75259341-1200px.jpg
White-breasted Nuthatch,https://www.allaboutbirds.org/guide/assets/og/75224391-1200px.jpg
Gray Catbird,https://www.allaboutbirds.org/guide/assets/og/75374311-1200px.jpg
White-throated Sparrow,https://www.allaboutbirds.org/guide/assets/og/75222401-1200px.jpg
Yellow-rumped Warbler,https://www.allaboutbirds.org/guide/assets/og/75216351-1200px.jpg
Killdeer,https://www.allaboutbirds.org/guide/assets/og/75705101-1200px.jpg
Red-tailed Hawk,https://www.allaboutbirds.org/guide/assets/og/525881641-1200px.jpg
Tree Swallow,https://www.allaboutbirds.org/guide/assets/og/75226731-1200px.jpg
Common Yellowthroat,https://www.allaboutbirds.org/guide/assets/og/75339841-1200px.jpg
Northern House Wren,https://www.allaboutbirds.org/guide/assets/og/634250999-1200px.jpg
Baltimore Oriole,https://www.allaboutbirds.org/guide/assets/og/615439951-1200px.jpg
Blue-gray Gnatcatcher,https://www.allaboutbirds.org/guide/assets/og/75296361-1200px.jpg
Wood Duck,https://www.allaboutbirds.org/guide/assets/og/75220691-1200px.jpg
Hairy Woodpecker,https://www.allaboutbirds.org/guide/assets/og/87955921-1200px.jpg
Palm Warbler,https://www.allaboutbirds.org/guide/assets/og/75712711-1200px.jpg
Warbling Vireo,https://www.allaboutbirds.org/guide/assets/og/75222441-1200px.jpg
Red-breasted Merganser,https://www.allaboutbirds.org/guide/assets/og/627018703-1200px.jpg
Ruby-crowned Kinglet,https://www.allaboutbirds.org/guide/assets/og/75367831-1200px.jpg
Yellow Warbler,https://www.allaboutbirds.org/guide/assets/og/75216491-1200px.jpg
Cooper's Hawk,https://www.allaboutbirds.org/guide/assets/og/75227931-1200px.jpg
American Redstart,https://www.allaboutbirds.org/guide/assets/og/75237001-1200px.jpg
White-crowned Sparrow,https://www.allaboutbirds.org/guide/assets/og/75224161-1200px.jpg
Cedar Waxwing,https://www.allaboutbirds.org/guide/assets/og/635891004-1200px.jpg
Swainson's Thrush,https://www.allaboutbirds.org/guide/assets/og/75227221-1200px.jpg
Northern Rough-winged Swallow,https://www.allaboutbirds.org/guide/assets/og/75712331-1200px.jpg
Golden-crowned Kinglet,https://www.allaboutbirds.org/guide/assets/og/75361661-1200px.jpg
American Tree Sparrow,https://www.allaboutbirds.org/guide/assets/og/75257741-1200px.jpg
Eastern Wood-Pewee,https://www.allaboutbirds.org/guide/assets/og/75351541-1200px.jpg
Eastern Kingbird,https://www.allaboutbirds.org/guide/assets/og/75342041-1200px.jpg
Swamp Sparrow,https://www.allaboutbirds.org/guide/assets/og/75227281-1200px.jpg
Ruby-throated Hummingbird,https://www.allaboutbirds.org/guide/assets/og/635892363-1200px.jpg
Indigo Bunting,https://www.allaboutbirds.org/guide/assets/og/75704791-1200px.jpg
Magnolia Warbler,https://www.allaboutbirds.org/guide/assets/og/75711001-1200px.jpg
Red-eyed Vireo,https://www.allaboutbirds.org/guide/assets/og/75369081-1200px.jpg
Great Egret,https://www.allaboutbirds.org/guide/assets/og/76803341-1200px.jpg
Spotted Sandpiper,https://www.allaboutbirds.org/guide/assets/og/75228411-1200px.jpg
American Kestrel,https://www.allaboutbirds.org/guide/assets/og/75242551-1200px.jpg
Nashville Warbler,https://www.allaboutbirds.org/guide/assets/og/75711711-1200px.jpg
Black-and-white Warbler,https://www.allaboutbirds.org/guide/assets/og/75259711-1200px.jpg
Black-crowned Night Heron,https://www.allaboutbirds.org/guide/assets/og/75261421-1200px.jpg
Hermit Thrush,https://www.allaboutbirds.org/guide/assets/og/75375121-1200px.jpg
Belted Kingfisher,https://www.allaboutbirds.org/guide/assets/og/75262241-1200px.jpg
Green Heron,https://www.allaboutbirds.org/guide/assets/og/75362951-1200px.jpg
Eastern Phoebe,https://www.allaboutbirds.org/guide/assets/og/75345501-1200px.jpg
Common Goldeneye,https://www.allaboutbirds.org/guide/assets/og/75335191-1200px.jpg
Brown Creeper,https://www.allaboutbirds.org/guide/assets/og/75226391-1200px.jpg
Chipping Sparrow,https://www.allaboutbirds.org/guide/assets/og/75334221-1200px.jpg
Tennessee Warbler,https://www.allaboutbirds.org/guide/assets/og/75227081-1200px.jpg
Eastern Towhee,https://www.allaboutbirds.org/guide/assets/og/75346731-1200px.jpg
Purple Martin,https://www.allaboutbirds.org/guide/assets/og/75714211-1200px.jpg
Rose-breasted Grosbeak,https://www.allaboutbirds.org/guide/assets/og/618988754-1200px.jpg
Least Flycatcher,https://www.allaboutbirds.org/guide/assets/og/75210341-1200px.jpg
Turkey Vulture,https://www.allaboutbirds.org/guide/assets/og/75226031-1200px.jpg
Northern Waterthrush,https://www.allaboutbirds.org/guide/assets/og/75712311-1200px.jpg
Savannah Sparrow,https://www.allaboutbirds.org/guide/assets/og/75366071-1200px.jpg
Field Sparrow,https://www.allaboutbirds.org/guide/assets/og/75352231-1200px.jpg
Great Crested Flycatcher,https://www.allaboutbirds.org/guide/assets/og/75222321-1200px.jpg
Brown Thrasher,https://www.allaboutbirds.org/guide/assets/og/75295071-1200px.jpg
American Coot,https://www.allaboutbirds.org/guide/assets/og/75219941-1200px.jpg
Red-breasted Nuthatch,https://www.allaboutbirds.org/guide/assets/og/75714611-1200px.jpg
Black-throated Green Warbler,https://www.allaboutbirds.org/guide/assets/og/75295831-1200px.jpg
Bank Swallow,https://www.allaboutbirds.org/guide/assets/og/75259081-1200px.jpg
Chestnut-sided Warbler,https://www.allaboutbirds.org/guide/assets/og/75334331-1200px.jpg
Blackpoll Warbler,https://www.allaboutbirds.org/guide/assets/og/75264151-1200px.jpg
Wilson's Warbler,https://www.allaboutbirds.org/guide/assets/og/75221021-1200px.jpg
Blue-winged Teal,https://www.allaboutbirds.org/guide/assets/og/75296791-1200px.jpg
Red-headed Woodpecker,https://www.allaboutbirds.org/guide/assets/og/75368891-1200px.jpg
Common Merganser,https://www.allaboutbirds.org/guide/assets/og/75335361-1200px.jpg
Fox Sparrow,https://www.allaboutbirds.org/guide/assets/og/75360421-1200px.jpg
Lincoln's Sparrow,https://www.allaboutbirds.org/guide/assets/og/75222731-1200px.jpg
Bay-breasted Warbler,https://www.allaboutbirds.org/guide/assets/og/75238661-1200px.jpg
Ovenbird,https://www.allaboutbirds.org/guide/assets/og/75712531-1200px.jpg
Bufflehead,https://www.allaboutbirds.org/guide/assets/og/75296041-1200px.jpg
Bald Eagle,https://www.allaboutbirds.org/guide/assets/og/615439846-1200px.jpg
Yellow-bellied Sapsucker,https://www.allaboutbirds.org/guide/assets/og/75218901-1200px.jpg
Hooded Merganser,https://www.allaboutbirds.org/guide/assets/og/75375181-1200px.jpg
Eastern Bluebird,https://www.allaboutbirds.org/guide/assets/og/627018796-1200px.jpg
Blackburnian Warbler,https://www.allaboutbirds.org/guide/assets/og/75263451-1200px.jpg
Pied-billed Grebe,https://www.allaboutbirds.org/guide/assets/og/75712941-1200px.jpg
Cape May Warbler,https://www.allaboutbirds.org/guide/assets/og/75298321-1200px.jpg
Peregrine Falcon,https://www.allaboutbirds.org/guide/assets/og/630326614-1200px.jpg
Greater Scaup,https://www.allaboutbirds.org/guide/assets/og/75362491-1200px.jpg
Veery,https://www.allaboutbirds.org/guide/assets/og/75225521-1200px.jpg
Piping Plover,https://www.allaboutbirds.org/guide/assets/og/75714431-1200px.jpg
Sandhill Crane,https://www.allaboutbirds.org/guide/assets/og/75366251-1200px.jpg
Horned Grebe,https://www.allaboutbirds.org/guide/assets/og/75704341-1200px.jpg
Eastern Meadowlark,https://www.allaboutbirds.org/guide/assets/og/75342091-1200px.jpg
Scarlet Tanager,https://www.allaboutbirds.org/guide/assets/og/75365641-1200px.jpg
Northern Parula,https://www.allaboutbirds.org/guide/assets/og/75222961-1200px.jpg
Orchard Oriole,https://www.allaboutbirds.org/guide/assets/og/75712391-1200px.jpg
Winter Wren,https://www.allaboutbirds.org/guide/assets/og/75221121-1200px.jpg
Solitary Sandpiper,https://www.allaboutbirds.org/guide/assets/og/75363951-1200px.jpg
Northern Shoveler,https://www.allaboutbirds.org/guide/assets/og/75712231-1200px.jpg
Redhead,https://www.allaboutbirds.org/guide/assets/og/75714891-1200px.jpg
Canada Warbler,https://www.allaboutbirds.org/guide/assets/og/75300441-1200px.jpg
Orange-crowned Warbler,https://www.allaboutbirds.org/guide/assets/og/75712411-1200px.jpg
Lesser Scaup,https://www.allaboutbirds.org/guide/assets/og/75215301-1200px.jpg
Wood Thrush,https://www.allaboutbirds.org/guide/assets/og/75220381-1200px.jpg
Black-throated Blue Warbler,https://www.allaboutbirds.org/guide/assets/og/75295721-1200px.jpg
Cliff Swallow,https://www.allaboutbirds.org/guide/assets/og/75334851-1200px.jpg
Gray-cheeked Thrush,https://www.allaboutbirds.org/guide/assets/og/75237591-1200px.jpg
Least Sandpiper,https://www.allaboutbirds.org/guide/assets/og/75707821-1200px.jpg
Tufted Titmouse,https://www.allaboutbirds.org/guide/assets/og/75226111-1200px.jpg
Common Nighthawk,https://www.allaboutbirds.org/guide/assets/og/75335401-1200px.jpg
Willow Flycatcher,https://www.allaboutbirds.org/guide/assets/og/75222251-1200px.jpg
Mute Swan,https://www.allaboutbirds.org/guide/assets/og/75711651-1200px.jpg
Green-winged Teal,https://www.allaboutbirds.org/guide/assets/og/75361401-1200px.jpg
Lesser Yellowlegs,https://www.allaboutbirds.org/guide/assets/og/75707941-1200px.jpg
Gadwall,https://www.allaboutbirds.org/guide/assets/og/75360821-1200px.jpg
Semipalmated Plover,https://www.allaboutbirds.org/guide/assets/og/75239641-1200px.jpg
Sanderling,https://www.allaboutbirds.org/guide/assets/og/75366681-1200px.jpg
Semipalmated Sandpiper,https://www.allaboutbirds.org/guide/assets/og/75223421-1200px.jpg
Ring-necked Duck,https://www.allaboutbirds.org/guide/assets/og/75225851-1200px.jpg
Marsh Wren,https://www.allaboutbirds.org/guide/assets/og/75236421-1200px.jpg
Mourning Warbler,https://www.allaboutbirds.org/guide/assets/og/75217731-1200px.jpg
Blue-headed Vireo,https://www.allaboutbirds.org/guide/assets/og/75228421-1200px.jpg
Great Horned Owl,https://www.allaboutbirds.org/guide/assets/og/525880401-1200px.jpg
Northern Harrier,https://www.allaboutbirds.org/guide/assets/og/75712151-1200px.jpg
Purple Finch,https://www.allaboutbirds.org/guide/assets/og/75714071-1200px.jpg
Pine Siskin,https://www.allaboutbirds.org/guide/assets/og/75713421-1200px.jpg
Pileated Woodpecker,https://www.allaboutbirds.org/guide/assets/og/619541984-1200px.jpg
Philadelphia Vireo,https://www.allaboutbirds.org/guide/assets/og/75237351-1200px.jpg
Dickcissel,https://www.allaboutbirds.org/guide/assets/og/75340431-1200px.jpg
Yellow-throated Vireo,https://www.allaboutbirds.org/guide/assets/og/75216301-1200px.jpg
